keys,zh_TW,en,ja,zh_CN
ui.top.backpack,背包,Backpack,Backpack,背包
ui.top.quests,任務,Quests,Quests,任务
ui.top.status,狀態,Status,Status,状态
ui.top.map,地圖,Map,Map,地图
ui.top.codex,圖鑑,Codex,Codex,图鉴
ui.top.quest_panel_title,任務清單,Quest List,Quest List,任务清单
ui.top.quest_panel_hint,追蹤目前可完成的回收與擊殺目標。,Track current salvage and hunt objectives,Track current salvage and hunt objectives,追踪目前可完成的回收与击杀目标。
ui.top.quest_empty,沒有任務,No quests,No quests,没有任务
ui.top.quest_inactive,未啟用,Inactive,Inactive,未启用
ui.top.status_panel_title,角色狀態,Character Status,Character Status,角色状态
ui.top.status_panel_hint,查看生命、體力、負重、裝備與武器彈藥。,Review health stamina carry weight equipment and ammo,Review health stamina carry weight equipment and ammo,查看生命、体力、负重、装备与武器弹药。
ui.top.status_health,生命,Health,Health,生命
ui.top.status_stamina,體力,Stamina,Stamina,体力
ui.top.status_weight,負重,Carry weight,Carry weight,负重
ui.top.status_weapon_ammo,武器彈藥,Weapon ammo,Weapon ammo,武器弹药
ui.top.status_equipment,裝備,Equipment,Equipment,装备
ui.top.status_none,無,None,None,无
ui.top.status_slot_primary_weapon,主武器,Primary weapon,Primary weapon,主武器
ui.top.status_slot_sidearm,副武器,Sidearm,Sidearm,副武器
ui.top.status_slot_melee,近戰,Melee,Melee,近战
ui.top.status_slot_helmet,頭盔,Helmet,Helmet,头盔
ui.top.status_slot_armor,護甲,Armor,Armor,护甲
ui.top.status_slot_glasses,眼鏡,Glasses,Glasses,眼镜
ui.top.status_slot_headset,耳機,Headset,Headset,耳机
ui.top.status_slot_backpack,背包,Backpack,Backpack,背包
ui.top.status_slot_charm_1,掛飾 1,Charm 1,Charm 1,挂饰 1
ui.top.status_slot_charm_2,掛飾 2,Charm 2,Charm 2,挂饰 2
ui.top.status_armor_no_bonus,防護效果：尚未提供減傷,Armor effect: no damage reduction yet,Armor effect: no damage reduction yet,防护效果：尚未提供减伤
ui.top.status_armor_bonus_format,防護效果：每次受擊 -%.0f 傷害,Armor effect: -%.0f damage per hit,Armor effect: -%.0f damage per hit,防护效果：每次受击 -%.0f 伤害
ui.top.status_armor_missing,未裝備護甲,No armor equipped,No armor equipped,未装备护甲
ui.top.status_armor_item_no_bonus_format,%s：無防護效果,%s: no armor effect,%s: no armor effect,%s：无防护效果
ui.top.status_armor_item_bonus_format,%s：每次受擊減少 %.0f 傷害,%s: reduces %.0f damage per hit,%s: reduces %.0f damage per hit,%s：每次受击减少 %.0f 伤害
ui.top.map_panel_title,區域地圖,Area Map,Area Map,区域地图
ui.top.map_panel_hint,早期導覽：確認目前位置、撤離方向與行動狀態。,Early guide for area extraction and raid state,Early guide for area extraction and raid state,早期导览：确认目前位置、撤离方向与行动状态。
ui.top.map_area,目前區域,Current area,Current area,目前区域
ui.top.map_extraction,撤離方向,Extraction direction,Extraction direction,撤离方向
ui.top.map_flow_state,基地 / 出擊狀態,Base / raid state,Base / raid state,基地 / 出击状态
ui.top.map_note,這是早期文字地圖，完整大地圖會在核心流程穩定後再製作。,This is an early text map; the full map comes after the core loop is stable,This is an early text map; the full map comes after the core loop is stable,这是早期文字地图，完整大地图会在核心流程稳定后再制作。
ui.top.map_area_base,基地安全區,Base safe area,Base safe area,基地安全区
ui.top.map_area_refuge_outskirts,避難郊區,Refuge Outskirts,Refuge Outskirts,避难郊区
ui.top.map_extraction_base,基地內無撤離壓力,No extraction pressure in base,No extraction pressure in base,基地内无撤离压力
ui.top.map_extraction_unknown,尋找撤離點標記,Find extraction marker,Find extraction marker,寻找撤离点标记
ui.top.map_extraction_toward,往 %s 的撤離點前進,Head %s to extraction,Head %s to extraction,往 %s 的撤离点前进
ui.top.map_flow_base,基地整備中,Preparing in base,Preparing in base,基地整备中
ui.top.map_flow_raid,出擊中,In raid,In raid,出击中
ui.top.map_flow_extracted,已撤離,Extracted,Extracted,已撤离
ui.top.map_flow_failed,行動失敗,Raid failed,Raid failed,行动失败
ui.top.map_flow_ready,準備中,Ready,Ready,准备中
ui.top.map_unknown,未知,Unknown,Unknown,未知
ui.top.map_dir_here,目前位置,Here,Here,目前位置
ui.top.map_dir_n,北,North,North,北
ui.top.map_dir_ne,東北,Northeast,Northeast,东北
ui.top.map_dir_e,東,East,East,东
ui.top.map_dir_se,東南,Southeast,Southeast,东南
ui.top.map_dir_s,南,South,South,南
ui.top.map_dir_sw,西南,Southwest,Southwest,西南
ui.top.map_dir_w,西,West,West,西
ui.top.map_dir_nw,西北,Northwest,Northwest,西北
ui.inventory.equipment,裝備,Equipment,Equipment,装备
ui.inventory.safe_pocket,安全口袋,Safe Pocket,Safe Pocket,安全口袋
ui.inventory.backpack_format,背包 (%d/%d),Backpack (%d/%d),Backpack (%d/%d),背包 (%d/%d)
ui.inventory.sort,整理,Sort,Sort,整理
ui.inventory.equip,裝備,Equip,Equip,装备
ui.inventory.split,拆分,Split,Split,拆分
ui.inventory.drop,丟棄,Drop,Drop,丢弃
ui.inventory.split_amount,拆分數量,Split Amount,Split Amount,拆分数量
ui.inventory.split_confirm,確認拆分,Confirm Split,Confirm Split,确认拆分
ui.inventory.load,裝備,Load,Load,装备
ui.stash.loadout,裝備與背包,Loadout,Loadout,装备与背包
ui.stash.title_format,倉庫 (%d/%d),Warehouse (%d/%d),Warehouse (%d/%d),仓库 (%d/%d)
ui.stash.store_hint,點擊左側物品存入倉庫；點擊右側物品取回背包。,Click left-side items to store them; click warehouse items to withdraw.,Click left-side items to store them; click warehouse items to withdraw.,点击左侧物品存入仓库；点击右侧物品取回背包。
ui.stash.sort,整理,Sort,Sort,整理
ui.stash.ready,準備存取物品。,Ready to store or withdraw items.,Ready to store or withdraw items.,准备存取物品。
ui.stash.saved,倉庫已保存。,Warehouse saved.,Warehouse saved.,仓库已保存。
ui.stash.stash_full,倉庫空間不足。,Warehouse has no room.,Warehouse has no room.,仓库空间不足。
ui.stash.backpack_full,背包空間不足。,Backpack has no room.,Backpack has no room.,背包空间不足。
ui.stash.save_failed,無法保存倉庫。,Could not save warehouse.,Could not save warehouse.,无法保存仓库。
ui.stash.withdraw_failed,無法取回物品。,Could not withdraw item.,Could not withdraw item.,无法取回物品。
ui.equipment.primary,主武器,Primary,Primary,主武器
ui.equipment.sidearm,副武器,Sidearm,Sidearm,副武器
ui.equipment.melee,近戰,Melee,Melee,近战
ui.equipment.helmet,頭盔,Helmet,Helmet,头盔
ui.equipment.armor,護甲,Armor,Armor,护甲
ui.equipment.glasses,眼鏡,Glasses,Glasses,眼镜
ui.equipment.headset,耳機,Headset,Headset,耳机
ui.equipment.backpack,背包,Backpack,Backpack,背包
ui.equipment.charm_1,掛飾 1,Charm 1,Charm 1,挂饰 1
ui.equipment.charm_2,掛飾 2,Charm 2,Charm 2,挂饰 2
prompt.pickup,按 E 拾取,Press E,Press E,按 E 拾取
prompt.base_interact_format,按 E 互動：%s,Press E: %s,Press E: %s,按 E 互动：%s
prompt.start_raid_format,按 E 開始出擊：%s,Press E to raid: %s,Press E to raid: %s,按 E 开始出击：%s
prompt.open_container,按 E 開啟箱子,Press E to open container,Press E to open container,按 E 开启箱子
prompt.view_container,按 E 查看箱子,Press E to inspect container,Press E to inspect container,按 E 查看箱子
prompt.locked_container,需要鑰匙,Key required,Key required,需要钥匙
prompt.open_locked_container,按 E 開啟上鎖箱,Press E to open locked container,Press E to open locked container,按 E 开启上锁箱
prompt.missing_warehouse_key,需要倉庫鑰匙,Warehouse key required,Warehouse key required,需要仓库钥匙
prompt.missing_key_format,需要%s,%s required,%s required,需要%s
prompt.loot_corpse,按 F 搜刮屍體,Press F to loot body,Press F to loot body,按 F 搜刮尸体
prompt.view_corpse,按 F 查看屍體,Press F to inspect body,Press F to inspect body,按 F 查看尸体
prompt.record_location,按 E 調查訊號塔,Press E to inspect signal tower,Press E to inspect signal tower,按 E 调查讯号塔
prompt.location_recorded,地點已記錄,Location recorded,Location recorded,地点已记录
prompt.extraction_point,撤離點,Extraction point,Extraction point,撤离点
prompt.extracting_format,撤離中 %.1f 秒,Extracting %.1f sec,Extracting %.1f sec,撤离中 %.1f 秒
prompt.extracted,已撤離,Extracted,Extracted,已撤离
ui.container.default_name,物資箱,Supply Crate,Supply Crate,物资箱
ui.container.locked_name,上鎖箱,Locked Cache,Locked Cache,上锁箱
ui.container.enemy_corpse,拾荒者屍體,Scavenger Body,Scavenger Body,拾荒者尸体
ui.container.help,點擊物品移入背包。,Click an item to move it to backpack,Click an item to move it to backpack,点击物品移入背包。
ui.container.status_take,點擊物品移入背包。,Click an item to move it to backpack,Click an item to move it to backpack,点击物品移入背包。
ui.container.empty,箱子是空的。,Container is empty,Container is empty,箱子是空的。
ui.container.empty_slot,空格,Empty,Empty,空格
ui.container.slot_empty,這個格子是空的。,This slot is empty,This slot is empty,这个格子是空的。
ui.container.transfer_unavailable,目前無法轉移物品。,Cannot transfer item now,Cannot transfer item now,目前无法转移物品。
ui.container.backpack_full,背包已滿，無法放入。,Backpack is full,Backpack is full,背包已满，无法放入。
ui.container.moved_to_backpack,已移入背包。,Moved to backpack,Moved to backpack,已移入背包。
ui.item.weight_format,重量 %.2f kg,Weight %.2f kg,Weight %.2f kg,重量 %.2f kg
ui.item.value_format,價值 %d,Value %d,Value %d,价值 %d
item.unknown.name,未知物品,Unknown Item,Unknown Item,未知物品
item.wood.name,木頭,Wood,Wood,木头
item.wood.desc,基礎製作材料。可用於建造與修理。,Basic crafting material for building and repair,Basic crafting material,基础制作材料。可用于建造与修理。
item.bottled_water.name,瓶裝水,Bottled Water,Bottled Water,瓶装水
item.bottled_water.desc,可以飲用的水。生存數值接上前先作為食物物品。,Drinkable water. Works as a food item for now,Drinkable water,可以饮用的水。生存数值接上前先作为食物物品。
item.bread.name,麵包,Bread,Bread,面包
item.bread.desc,常見食物。生存數值接上前先作為食物物品。,Common food item for now,Common food item,常见食物。生存数值接上前先作为食物物品。
item.bandage.name,繃帶,Bandage,Bandage,绷带
item.bandage.desc,基礎醫療用品。傷口系統接上前先保留為醫療物品。,Basic medical item for now,Basic medical item,基础医疗用品。伤口系统接上前先保留为医疗物品。
item.pistol_9mm.name,手槍-S,Pistol-S,Pistol-S,手枪-S
item.pistol_9mm.desc,早期副武器。用來驗證基礎射擊流程。,Early sidearm for basic shooting,Early sidearm,早期副武器。用来验证基础射击流程。
item.combat_knife.name,戰鬥刀,Combat Knife,Combat Knife,战斗刀
item.combat_knife.desc,不需要彈藥的近戰武器。近戰攻擊尚未啟用。,Melee weapon. Attacks are not enabled yet,Melee weapon,不需要弹药的近战武器。近战攻击尚未启用。
item.ammo_9mm.name,彈藥-S,Ammo-S,Ammo-S,弹药-S
item.ammo_9mm.desc,9mm 武器使用的基礎彈藥。,Basic ammo for 9mm weapons,Basic ammo,9mm 武器使用的基础弹药。
item.light_armor.name,一級護甲,Level 1 Armor,Level 1 Armor,一级护甲
item.light_armor.desc,基礎防護裝備。減傷與耐久會在後續接上。,Basic armor. Durability comes later,Basic armor,基础防护装备。减伤与耐久会在后续接上。
item.basic_helmet.name,基礎頭盔,Basic Helmet,Basic Helmet,基础头盔
item.basic_helmet.desc,頭部防護裝備。命中部位尚未啟用。,Basic head protection,Basic head protection,头部防护装备。命中部位尚未启用。
item.small_backpack.name,小型背包,Small Backpack,Small Backpack,小型背包
item.small_backpack.desc,增加攜帶空間的背包。欄位擴充會在後續接上。,Backpack that expands carrying space,Backpack,增加携带空间的背包。栏位扩充会在后续接上。
item.warehouse_key.name,倉庫鑰匙,Warehouse Key,Warehouse Key,仓库钥匙
item.warehouse_key.desc,未來可用於倉庫門或任務門檻。,Key for future warehouse doors,Key,未来可用于仓库门或任务门槛。
item.grenade.name,手榴彈,Grenade,Grenade,手榴弹
item.grenade.desc,投擲爆裂物。範圍傷害尚未啟用。,Throwable explosive. Area damage comes later,Grenade,投掷爆裂物。范围伤害尚未启用。
item.old_watch.name,舊懷錶,Old Watch,Old Watch,旧怀表
item.old_watch.desc,帶有年代感的貴重品。可先作為出售物。,Aged valuable item,Aged valuable item,带有年代感的贵重品。可先作为出售物。
item.military_document.name,軍用文件,Military Document,Military Document,军用文件
item.military_document.desc,記載撤離與敵人配置的情報文件。,Intel document about extraction and enemies,Intel document,记载撤离与敌人配置的情报文件。
item.extended_magazine.name,加長彈匣-S,Extended Magazine-S,Extended Magazine-S,加长弹匣-S
item.extended_magazine.desc,提高彈匣容量的配件。容量規則尚未啟用。,Attachment for future magazine capacity,Attachment,提高弹匣容量的配件。容量规则尚未启用。
item.wire.name,電線,Wire,Wire,电线
item.wire.desc,電子製作和修理會用到的基礎材料。,Basic material for electronics and repair,Basic material,电子制作和修理会用到的基础材料。
item.stamina_potion.name,體力藥水,Stamina Potion,Stamina Potion,体力药水
item.stamina_potion.desc,暫時恢復或提升體力的消耗品。,Consumable that restores stamina for now,Consumable,暂时恢复或提升体力的消耗品。
item.life_totem.name,圖騰：生命,Totem: Life,Totem: Life,图腾：生命
item.life_totem.desc,象徵生命力的特殊收藏品。,Special collectible symbolizing vitality,Special collectible,象征生命力的特殊收藏品。
item.blueprint.name,藍圖,Blueprint,Blueprint,蓝图
item.blueprint.desc,未來可解鎖製作項目。工坊配方尚未啟用。,Blueprint for future crafting unlocks,Blueprint,未来可解锁制作项目。工坊配方尚未启用。
item.cash.name,現金,Cash,Cash,现金
item.cash.desc,基礎交易貨幣。商店系統接上前先保留為貨幣物品。,Basic trade currency,Basic currency,基础交易货币。商店系统接上前先保留为货币物品。
item.junk.name,垃圾,Junk,Junk,垃圾
item.junk.desc,低價值雜物。可用於出售或拆解系統。,Low value loot for selling or dismantling,Junk,低价值杂物。可用于出售或拆解系统。
item_type.consumable,消耗品,Consumable,Consumable,消耗品
item_type.crafting,製作材料,Crafting Material,Crafting Material,制作材料
item_type.loot,戰利品,Loot,Loot,战利品
item_type.weapon,武器,Weapon,Weapon,武器
item_type.armor,護甲,Armor,Armor,护甲
item_type.quest,任務物品,Quest Item,Quest Item,任务物品
item_type.currency,貨幣,Currency,Currency,货币
item_type.ammo,彈藥,Ammo,Ammo,弹药
item_type.backpack,背包與容器,Backpack and Container,Backpack and Container,背包与容器
item_type.attachment,配件,Attachment,Attachment,配件
item_type.medical,醫療用品,Medical,Medical,医疗用品
item_type.food,食物飲水,Food and Drink,Food and Drink,食物饮水
item_type.key,鑰匙,Key,Key,钥匙
item_type.electronics,電子零件,Electronics,Electronics,电子零件
item_type.explosive,爆裂物,Explosive,Explosive,爆裂物
item_type.valuable,貴重品,Valuable,Valuable,贵重品
item_type.intel,情報文件,Intel,Intel,情报文件
item_type.totem,圖騰特殊物,Totem and Special,Totem and Special,图腾特殊物
item_type.recipe,配方藍圖,Recipe and Blueprint,Recipe and Blueprint,配方蓝图
ui.codex.title,物品圖鑑,Item Codex,Item Codex,物品图鉴
ui.codex.empty_slot,尚未登錄物品,No item cataloged,No item cataloged,尚未登录物品
ui.codex.weight,重量,Weight,Weight,重量
ui.codex.value,價值,Value,Value,价值
ui.codex.max_stack,最大堆疊,Max Stack,Max Stack,最大堆叠
ui.codex.damage,傷害,Damage,Damage,伤害
ui.main.title,逃離鴨科夫,Escape From Duckov,Escape From Duckov,逃离鸭科夫
ui.main.subtitle,物資、撤離、活下去。,Loot extract survive,Loot extract survive,搜刮、撤离、活下去。
ui.main.start,開始遊戲,Start Game,Start Game,开始游戏
ui.main.load,讀取存檔,Load Save,Load Save,读取存档
ui.main.settings,設定,Settings,Settings,设置
ui.main.quit,退出遊戲,Quit Game,Quit Game,退出游戏
ui.main.back,返回,Back,Back,返回
ui.common.close,關閉,Close,Close,关闭
ui.common.execute,執行,Execute,Execute,执行
ui.main.load_empty,尚未完成讀取存檔流程。,Save loading is not implemented yet,Save loading is not implemented yet,尚未完成读取存档流程。
ui.settings.fullscreen,全螢幕,Fullscreen,Fullscreen,全屏幕
ui.settings.language,語言,Language,Language,语言
ui.settings.resolution,解析度,Resolution,Resolution,分辨率
ui.settings.display_mode,畫面模式,Screen Mode,Screen Mode,画面模式
ui.settings.display.fullscreen,全螢幕,Fullscreen,Fullscreen,全屏幕
ui.settings.display.windowed,視窗模式,Windowed,Windowed,窗口模式
ui.settings.master_volume,主音量,Master Volume,Master Volume,主音量
ui.settings.bgm_volume,背景音樂,Background Music,Background Music,背景音乐
ui.settings.sfx_volume,音效,Sound Effects,Sound Effects,音效
ui.language.zh_tw,繁體中文,Traditional Chinese,Traditional Chinese,繁体中文
ui.language.en,英文,English,English,英文
ui.language.ja,日文,Japanese,Japanese,日文
ui.language.zh_cn,簡體中文,Simplified Chinese,Simplified Chinese,简体中文
ui.difficulty.title,選擇難度,Choose Difficulty,Choose Difficulty,选择难度
ui.difficulty.prompt,難度目前只影響玩家最大生命值。,Difficulty currently only changes player max health,Difficulty currently only changes player max health,难度目前只影响玩家最大生命值。
ui.difficulty.easy,簡單,Easy,Easy,简单
ui.difficulty.easy_desc,玩家生命值提高。,Player health is increased,Player health is increased,玩家生命值提高。
ui.difficulty.normal,普通,Normal,Normal,普通
ui.difficulty.normal_desc,標準生命值。,Standard health value,Standard health value,标准生命值。
ui.difficulty.hard,困難,Hard,Hard,困难
ui.difficulty.hard_desc,玩家生命值降低。,Player health is reduced,Player health is reduced,玩家生命值降低。
ui.save_slots.prompt,選擇要讀取的存檔。,Choose a save slot to load,Choose a save slot to load,选择要读取的存档。
ui.save_slots.slot_format,存檔 %d,Slot %d,Slot %d,存档 %d
ui.save_slots.empty,空存檔,Empty,Empty,空存档
ui.save_slots.filled_format,%s / %s,%s / %s,%s / %s,%s / %s
ui.save_slots.status_default,選擇一個存檔。,Choose a save slot,Choose a save slot,选择一个存档。
ui.save_slots.status_empty,這個存檔是空的。,This save slot is empty,This save slot is empty,这个存档是空的。
ui.save_slots.status_loading,正在讀取存檔 %d,Loading slot %d,Loading slot %d,正在读取存档 %d
ui.save_slots.status_load_failed,讀取存檔 %d 失敗,Could not load slot %d,Could not load slot %d,读取存档 %d 失败
ui.save_slots.status_missing_manager,找不到存檔管理器。,Save manager is missing,Save manager is missing,找不到存档管理器。
ui.save_slots.time_unknown,未知時間,Unknown time,Unknown time,未知时间
ui.save_slots.difficulty_unknown,未知難度,Unknown difficulty,Unknown difficulty,未知难度
ui.pause.title,暫停,Paused,Paused,暂停
ui.pause.resume,回到遊戲,Resume,Resume,回到游戏
ui.pause.settings,設定,Settings,Settings,设置
ui.pause.main_menu,回到主選單,Main Menu,Main Menu,回到主菜单
ui.pause.quit,退出遊戲,Quit Game,Quit Game,退出游戏
ui.base.title,基地,Base,Base,基地
ui.base.subtitle,整理倉庫、準備裝備，開始下一場行動。,Stash prepare and start the next raid,Stash prepare and start the next raid,整理仓库、准备装备，开始下一场行动。
ui.base.phase,安全區 / 基地階段,Safe zone / Base phase,Safe zone / Base phase,安全区 / 基地阶段
ui.base.phase_hint,這裡不會戰鬥。確認倉庫、任務與工作台後再開始出擊。,No combat here. Check stash quests and workbench before raiding,No combat here. Check stash quests and workbench before raiding,这里不会战斗。确认仓库、任务与工作台后再开始出击。
ui.base.slot_format,存檔 %d,Slot %d,Slot %d,存档 %d
ui.base.difficulty,難度,Difficulty,Difficulty,难度
ui.base.money,金錢,Money,Money,金钱
ui.base.stash,倉庫,Stash,Stash,仓库
ui.base.stash_empty,倉庫是空的。,Stash is empty,Stash is empty,仓库是空的。
ui.base.workbench,工作台,Workbench,Workbench,工作台
ui.base.upgrade_cost,需求,Cost,Cost,需求
ui.base.quest,任務,Quest,Quest,任务
ui.base.sell_all_junk,出售雜物,Sell All Junk,Sell All Junk,出售杂物
ui.base.upgrade,升級,Upgrade,Upgrade,升级
ui.base.upgraded,已升級,Upgraded,Upgraded,已升级
ui.base.start_raid,開始出擊,Start Raid,Start Raid,开始出击
ui.base.ready,基地待命：整理物資後按「開始出擊」。,Base ready. Prepare supplies then start the raid,Base ready. Prepare supplies then start the raid,基地待命：整理物资后按「开始出击」。
ui.base.no_save,尚無存檔資料。先開始一場行動來建立進度。,No save data yet. Start a raid to create progress,No save data yet. Start a raid to create progress,尚无存档资料。先开始一场行动来建立进度。
ui.base.sell_none,沒有可出售的雜物。,No junk to sell,No junk to sell,没有可出售的杂物。
ui.base.sell_failed,無法保存出售結果。,Could not save sale result,Could not save sale result,无法保存出售结果。
ui.base.sell_success,已出售雜物,Sold junk,Sold junk,已出售杂物
ui.base.upgrade_save_failed,無法保存升級結果。,Could not save upgrade result,Could not save upgrade result,无法保存升级结果。
ui.base.upgrade_success,工作台已升級。下一場行動備用彈藥 +1。,Workbench upgraded. Next raid starts with +1 reserve ammo,Workbench upgraded. Next raid starts with +1 reserve ammo,工作台已升级。下一场行动备用弹药 +1。
ui.base.quest_not_ready,任務尚未達成，無法回報。,Quest is not ready to submit,Quest is not ready to submit,任务尚未达成，无法回报。
ui.base.quest_save_failed,無法保存任務獎勵。,Could not save quest reward,Could not save quest reward,无法保存任务奖励。
ui.base.quest_claimed,任務完成,Quest completed,Quest completed,任务完成
ui.base.workbench_upgraded,已升級：初始備用彈藥 +1,Upgraded: starter ammo +1,Upgraded: starter ammo +1,已升级：初始备用弹药 +1
ui.base.workbench_no_save,先建立存檔才能升級。,Create a save to upgrade,Create a save to upgrade,先建立存档才能升级。
ui.base.workbench_ready,可升級,Ready to upgrade,Ready to upgrade,可升级
ui.base.workbench_need_money,金錢不足,Need more money,Need more money,金钱不足
ui.base.workbench_need_items,材料不足,Need more materials,Need more materials,材料不足
ui.base.workbench_unavailable,無法升級,Upgrade unavailable,Upgrade unavailable,无法升级
ui.base.station.default,基地設施,Base station,Base station,基地设施
ui.base.station.stash,倉庫,Stash,Stash,仓库
ui.base.station.stash_hint,整理戰利品,Manage loot,Manage loot,整理战利品
ui.base.station.quests,任務板,Quest Board,Quest Board,任务板
ui.base.station.quests_hint,查看回報,Review and turn in,Review and turn in,查看回报
ui.base.station.workbench,工作台,Workbench,Workbench,工作台
ui.base.station.workbench_hint,升級基地,Upgrade base,Upgrade base,升级基地
ui.base.station.raid_gate,出擊門,Raid Gate,Raid Gate,出击门
ui.base.station.raid_gate_hint,開始行動,Start raid,Start raid,开始行动
ui.base.station.medical,醫療站,Medical Station,Medical Station,医疗站
ui.base.station.medical_hint,回復生命,Restore health,Restore health,回复生命
ui.base.interaction.stash_body,倉庫面板已連接。後續會在這裡整理戰利品與裝備。,Stash panel is connected. Loot and equipment are managed here,Stash panel is connected. Loot and equipment are managed here,仓库面板已连接。后续会在这里整理战利品与装备。
ui.base.interaction.quests_body,任務板已連接。後續會在這裡查看與回報任務。,Quest board is connected. Quests are reviewed and turned in here,Quest board is connected. Quests are reviewed and turned in here,任务板已连接。后续会在这里查看与回报任务。
ui.base.interaction.workbench_body,工作台已連接。後續會在這裡升級基地功能。,Workbench is connected. Base upgrades are handled here,Workbench is connected. Base upgrades are handled here,工作台已连接。后续会在这里升级基地功能。
ui.base.interaction.medical_body,醫療站已連接。支付少量金錢即可回復生命。,Medical station is connected. Pay a small fee to restore health,Medical station is connected. Pay a small fee to restore health,医疗站已连接。支付少量金钱即可回复生命。
ui.base.interaction.default_body,基地互動點已連接。,Base interaction point is connected,Base interaction point is connected,基地互动点已连接。
ui.base.medical.full_health,生命已滿，不需要治療。,Health is full. No treatment needed,Health is full. No treatment needed,生命已满，不需要治疗。
ui.base.medical.no_save,找不到目前存檔，無法扣款治療。,No active save found. Treatment cannot be charged,No active save found. Treatment cannot be charged,找不到目前存档，无法扣款治疗。
ui.base.medical.need_money,金錢不足，治療需要 $%d。,Not enough money. Treatment costs $%d,Not enough money. Treatment costs $%d,金钱不足，治疗需要 $%d。
ui.base.medical.can_heal,可支付 $%d 將生命回復至滿。,Pay $%d to restore health,Pay $%d to restore health,可支付 $%d 将生命回复至满。
ui.base.medical.action,治療 $%d,Treat $%d,Treat $%d,治疗 $%d
ui.base.medical.body_format,醫療站已連接。生命 %d / %d，金錢 $%d。%s,Medical station connected. Health %d / %d money $%d. %s,Medical station connected. Health %d / %d money $%d. %s,医疗站已连接。生命 %d / %d，金钱 $%d。%s
ui.base.medical.cannot_heal,無法治療。,Cannot treat,Cannot treat,无法治疗。
ui.base.medical.save_failed,治療完成，但存檔扣款失敗。,Treatment completed but save payment failed,Treatment completed but save payment failed,治疗完成，但存档扣款失败。
ui.base.medical.healed,治療完成，生命已回滿。,Treatment complete. Health restored,Treatment complete. Health restored,治疗完成，生命已回满。
ui.base.workbench.action,升級工作台,Upgrade Workbench,Upgrade Workbench,升级工作台
ui.base.workbench.upgraded,已升級,Upgraded,Upgraded,已升级
ui.base.workbench.effect_format,效果：下一場行動備用彈藥 +%d。,Effect: next raid starts with +%d reserve ammo,Effect: next raid starts with +%d reserve ammo,效果：下一场行动备用弹药 +%d。
ui.base.workbench.cost_format,需求：%s。,Cost: %s,Cost: %s,需求：%s。
ui.base.workbench.status_upgraded,狀態：已升級。進入下一場 Raid 時會直接套用。,Status: upgraded. It applies on the next raid,Status: upgraded. It applies on the next raid,状态：已升级。进入下一场 Raid 时会直接套用。
ui.base.workbench.status_no_save,狀態：先建立存檔才能升級。,Status: create a save before upgrading,Status: create a save before upgrading,状态：先建立存档才能升级。
ui.base.workbench.status_ready,狀態：材料足夠，可以升級。,Status: materials ready. Upgrade available,Status: materials ready. Upgrade available,状态：材料足够，可以升级。
ui.base.workbench.status_format,狀態：%s,Status: %s,Status: %s,状态：%s
ui.base.workbench.blocked_money,金錢不足。,Need more money,Need more money,金钱不足。
ui.base.workbench.blocked_items,材料不足。,Need more materials,Need more materials,材料不足。
ui.base.workbench.blocked_owned,已升級。,Already upgraded,Already upgraded,已升级。
ui.base.workbench.blocked_invalid,升級資料異常。,Upgrade data is invalid,Upgrade data is invalid,升级资料异常。
ui.base.workbench.blocked_unknown,暫時無法升級。,Upgrade unavailable,Upgrade unavailable,暂时无法升级。
ui.base.workbench_upgrade_done,升級完成。,Upgrade complete,Upgrade complete,升级完成。
ui.base.workbench_upgrade_failed_short,升級失敗。,Upgrade failed,Upgrade failed,升级失败。
base_upgrade.workbench_level_1.name,工作台 Lv.1,Workbench Lv.1,Workbench Lv.1,工作台 Lv.1
ui.base.upgrade_missing_money,升級所需金錢不足。,Not enough money for upgrade,Not enough money for upgrade,升级所需金钱不足。
ui.base.upgrade_missing_items,升級所需材料不足。,Not enough materials for upgrade,Not enough materials for upgrade,升级所需材料不足。
ui.base.upgrade_already_owned,工作台已經升級。,Workbench is already upgraded,Workbench is already upgraded,工作台已经升级。
ui.base.upgrade_failed,無法升級工作台。,Cannot upgrade workbench,Cannot upgrade workbench,无法升级工作台。
ui.base.quest_no_save,請先建立存檔,Create a save first,Create a save first,请先建立存档
ui.base.quest_completed,已完成,Completed,Completed,已完成
ui.base.completed,已完成,Completed,Completed,已完成
ui.base.quest_ready,可回報,Ready,Ready,可回报
ui.base.quest_active,進行中,Active,Active,进行中
ui.base.submit_quest,回報任務,Submit,Submit,回报任务
ui.base.quest_objective,帶回,Extract,Extract,带回
ui.base.quest_kill_objective,擊倒,Eliminate,Eliminate,击倒
ui.base.quest_location_objective,前往,Reach,Reach,前往
ui.base.quest_progress,進度,Progress,Progress,进度
ui.raid_hud.goal_title,目前目標,Current objective,Current objective,当前目标
ui.raid_hud.objective,搜索物資 / 小心敵人 / 前往撤離點,Search supplies / Watch enemies / Reach extraction,Search supplies / Watch enemies / Reach extraction,搜索物资 / 小心敌人 / 前往撤离点
ui.raid_hud.route_hint,搜完箱子後，確認血量與彈藥，再站進撤離區倒數。,Search containers then check health and ammo before extraction,Search containers then check health and ammo before extraction,搜完箱子后，确认血量与弹药，再站进撤离区倒数。
ui.raid_hud.status_dead,行動失敗,Raid failed,Raid failed,行动失败
ui.raid_hud.status_extracted,已撤離,Extracted,Extracted,已撤离
ui.raid_hud.status_active,行動中,Raid active,Raid active,行动中
ui.raid_hud.status_ready,準備中,Ready,Ready,准备中
ui.raid_hud.extraction_hint,前往撤離區即可離開,Reach extraction zone to leave,Reach extraction zone to leave,前往撤离区即可离开
ui.raid_hud.health,生命,Health,Health,生命
ui.raid_hud.stamina,體力,Stamina,Stamina,体力
ui.raid_hud.vitals_missing,生命：-- / --　體力：-- / --,Health: -- / --  Stamina: -- / --,Health: -- / --  Stamina: -- / --,生命：-- / --　体力：-- / --
ui.raid_hud.weapon,武器,Weapon,Weapon,武器
ui.raid_hud.weapon_missing,未裝備,No weapon,No weapon,未装备
ui.raid_hud.ammo_missing,彈藥：-- / --,Ammo: -- / --,Ammo: -- / --,弹药：-- / --
ui.raid_hud.ammo,彈藥,Ammo,Ammo,弹药
ui.raid_hud.weapon_status,戰鬥狀態,Combat status,Combat status,战斗状态
ui.raid_hud.weapon_status_unarmed,未裝備,No weapon,No weapon,未装备
ui.raid_hud.weapon_status_empty,空彈,Empty,Empty,空弹
ui.raid_hud.weapon_status_reloading,裝填中,Reloading,Reloading,装填中
ui.raid_hud.weapon_status_ready,可射擊,Ready to fire,Ready to fire,可射击
ui.raid_hud.weapon_status_cooldown,射擊間隔,Cooldown,Cooldown,射击间隔
ui.raid_hud.extracting,撤離中...,Extracting...,Extracting...,撤离中...
ui.raid_hud.extraction_remaining,撤離,Extraction,Extraction,撤离
ui.raid_hud.extracted,已撤離,Extracted,Extracted,已撤离
ui.raid_result.title,行動結算,Raid Result,Raid Result,行动结算
ui.raid_result.subtitle,查看本次結果，確認哪些物資會回到基地。,Review result and confirm what returns to base,Review result and confirm what returns to base,查看本次结果，确认哪些物资会回到基地。
ui.raid_result.outcome,結果,Outcome,Outcome,结果
ui.raid_result.duration,時間,Duration,Duration,时间
ui.raid_result.money_delta,金錢,Money,Money,金钱
ui.raid_result.continue_to_base,回到基地,Continue to Base,Continue to Base,回到基地
ui.raid_result.status,帶回物資會依結算結果轉入基地倉庫。,Extracted supplies move to base stash,Extracted supplies move to base stash,带回物资会依结算结果转入基地仓库。
ui.raid_result.status_dead,遺失物品不會進入基地倉庫；安全口袋物品會送回基地。,Lost items do not enter base stash. Safe pocket items return to base,Lost items do not enter base stash. Safe pocket items return to base,遗失物品不会进入基地仓库；安全口袋物品会送回基地。
ui.raid_result.transfer_title,物資轉移,Transfer Summary,Transfer Summary,物资转移
ui.raid_result.transfer_extracted,帶回成功：%d 種物資已轉入基地倉庫。按「回到基地」查看倉庫。,Extracted %d item groups to base stash. Return to base to inspect stash,Extracted %d item groups to base stash. Return to base to inspect stash,带回成功：%d 种物资已转入基地仓库。按「回到基地」查看仓库。
ui.raid_result.transfer_empty,本次沒有帶回物品。按「回到基地」整理下一場行動。,No items were extracted. Return to base to prepare the next raid,No items were extracted. Return to base to prepare the next raid,本次没有带回物品。按「回到基地」整理下一场行动。
ui.raid_result.transfer_dead,行動失敗：%d 種背包/裝備物資列為遺失，%d 種安全口袋物品已送回基地。按「回到基地」查看狀態。,Raid failed. %d backpack or equipment item groups are lost and %d safe pocket item groups returned to base. Return to base to review,Raid failed. %d backpack or equipment item groups are lost and %d safe pocket item groups returned to base. Return to base to review,行动失败：%d 种背包/装备物资列为遗失，%d 种安全口袋物品已送回基地。按「回到基地」查看状态。
ui.raid_result.empty_extracted,沒有帶回物品。,No extracted items,No extracted items,没有带回物品。
ui.raid_result.empty_lost,沒有遺失物品。,No lost items,No lost items,没有遗失物品。
ui.raid_result.empty_safe_pocket,安全口袋沒有物品。,No safe pocket items,No safe pocket items,安全口袋没有物品。
ui.raid_result.extracted,撤離成功：帶回物資,Extracted: supplies secured,Extracted: supplies secured,撤离成功：带回物资
ui.raid_result.dead,行動失敗：死亡,Failed: dead,Failed: dead,行动失败：死亡
ui.raid_result.unknown,未知,Unknown,Unknown,未知
ui.raid_result.extracted_items,帶回物品,Extracted,Extracted,带回物品
ui.raid_result.lost_items,遺失物品,Lost,Lost,遗失物品
ui.raid_result.safe_pocket_items,安全口袋,Safe Pocket,Safe Pocket,安全口袋
enemy.scavenger.name,拾荒者,Scavenger,Scavenger,拾荒者
enemy.unknown.name,未知敵人,Unknown enemy,Unknown enemy,未知敌人
enemy.status.idle,待機,Idle,Idle,待机
enemy.status.dead,死亡,Dead,Dead,死亡
enemy.status.injured,受傷,Injured,Injured,受伤
enemy.status.chase,追蹤中,Chasing,Chasing,追踪中
enemy.status.attack,攻擊,Attacking,Attacking,攻击
enemy.status.alert,準備攻擊,Preparing attack,Preparing attack,准备攻击
location.radio_tower.name,訊號塔,Signal tower,Signal tower,讯号塔
location.unknown.name,未知地點,Unknown location,Unknown location,未知地点
